鴇色,ときいろ,#F4B3C2,244,179,194,0
薄柿,うすがき,#D4ACAD,212,172,173,0
聴色・許色,ゆるしいろ,#E1A9AB,225,169,171,0
虹色,にじいろ,#F6BFBC,246,191,188,0
珊瑚色,さんごいろ,#F5B1AA,245,177,170,0
水柿,みずがき,#E4AB9B,228,171,155,0
桃色,ももいろ,#F09199,240,145,153,0
紅梅色,こうばいいろ,#F2A0A1,242,160,161,0
薄紅,うすべに,#F0908D,240,144,141,0
薔薇色,ばらいろ,#E9546B,233,84,107,0
韓紅・韓紅花・唐紅,からくれない,#E95464,233,84,100,0
真朱,まそお,#EC6D71,236,109,113,0
甚三紅,じんざもみ,#EE827C,238,130,124,0
浅緋,うすきあけ・うすきひ,#DF7163,223,113,99,0
珊瑚朱色,さんごしゅいろ,#EE836F,238,131,111,0
真赭,まそほ,#D57C6B,213,124,107,0
鉛丹,えんたん,#EC6D51,236,109,81,0
洗朱,あらいしゅ,#D0826C,208,130,108,0
東雲色,しののめいろ,#F19072,241,144,114,0
濃朽葉,こいくちば,#FF5234,255,82,52,0
粉紅,まがいべに,#FB3C02,251,60,2,0
赤・緋・紅・朱,あか,#E60033,230,0,51,0
海棠色,かいどういろ,#F9204D,249,32,77,0
猩々緋,しょうじょうひ,#E2041B,226,4,27,0
京緋色,きょうひいろ,#FF251E,255,37,30,0
七両染,しちりょうそめ,#C51C2F,197,28,47,0
朱・緋,あけ,#BA2636,186,38,54,0
洋紅色,ようこうしょく,#CC2F3A,204,47,58,0
紅赤,べにあか,#D9333F,217,51,63,0
茜色,あかねいろ,#B7282E,183,40,46,0
赤紅,あかべに,#C53D43,197,61,67,0
朱殷,しゅあん,#D20A13,210,10,19,0
深緋,こきあけ / こきひ,#C9171E,201,23,30,0
朱砂,しゅしゃ,#E73931,231,57,49,0
思色,おもいいろ,#D91E10,217,30,16,0
紅緋,べにひ,#E83929,232,57,41,0
紅,色,#CF3525,207,53,37,0
赤丹,あかに,#CE5242,206,82,66,0
緋色,ひいろ,#D3381C,211,56,28,0
埴,はに・つげ,#B43219,180,50,25,0
似紅,にせべに,#C62B0C,198,43,12,0
赤茶,あかちゃ,#BB5535,187,85,53,0
樺色,かばいろ,#CD5E3C,205,94,60,0
照柿,てりがき,#EB6238,235,98,56,0
浅蘇芳,あさすおう,#A25768,162,87,104,0
今様色,いまよういろ,#D0576B,208,87,107,0
臙脂,えんじ,#B94047,185,64,71,0
赤蘇芳,あかすおう,#B95054,185,80,84,0
蘇芳,すおう,#9E3D3F,158,61,63,0
海老赤,えびあか,#AC2424,172,36,36,0
栗梅茶,くりうめちゃ,#CC5959,204,89,89,0
紅海老茶,べにえびちゃ,#A73836,167,56,54,0
銀朱,ぎんしゅ,#C85554,200,85,84,0
小豆色,あずきいろ,#96514D,150,81,77,0
薬色,くすりいろ,#A03731,160,55,49,0
蘇芳香,すおうこう,#A86965,168,105,101,0
紅海老茶,べにえびちゃ,#91453F,145,69,63,0
銅色,あかがねいろ,#8C4841,140,72,65,0
鳶色・鴟色・鵄色,とびいろ,#95483F,149,72,63,0
紅鳶,べにとび,#9A493F,154,73,63,0
紅樺色,べにかばいろ,#BB5548,187,85,72,0
茶色,ちゃいろ,#965042,150,80,66,0
栗金茶,くりかねちゃ,#B14329,177,67,41,0
雀茶,すずめちゃ,#AA4F37,170,79,55,0
朱土生壁,しゅどなまかべ,#915847,145,88,71,0
宗伝唐茶,そうでんからちゃ,#A16D5D,161,109,93,0
紅柿色,べにかきいろ,#A24629,162,70,41,0
煉瓦色,れんがいろ,#B55233,181,82,51,0
濃紅,こいくれない,#A22041,162,32,65,0
紅葉色,もみじいろ,#A61017,166,16,23,0
柘榴・柘榴,ざくろ,#762034,118,32,52,0
苺色,いちごいろ,#8B2F45,139,47,69,0
紫土,しど,#753035,117,48,53,0
光悦茶,こうえつちゃ,#773328,119,51,40,0
海老茶,えびちゃ,#773C30,119,60,48,0
栗梅,くりうめ,#852E19,133,46,25,0
弁柄色,べんがらいろ,#8F2E14,143,46,20,0
錆色,さびいろ,#6C3524,108,53,36,0
赤錆色,あかさびいろ,#8A3319,138,51,25,0
紫檀色,したんいろ,#5C2D36,92,45,54,0
葡萄茶,えびちゃ,#6C2C2F,108,44,47,0
小豆茶,あずきちゃ,#6B3E3F,107,62,63,0
丹柄茶,たんがらちゃ,#76413C,118,65,60,0
紅檜皮,べにひわだ,#7B4741,123,71,65,0
煤竹色,すすたけいろ,#6F514C,111,81,76,0
栗皮茶,くりかわちゃ,#6D3C32,109,60,50,0
赤褐色,せっかっしょく,#683F36,104,63,54,0
嵯峨鼠,さがねず,#8F6769,143,103,105,0
椎鈍色,しいにびいろ,#836364,131,99,100,0
紅鼠,べにねず,#A06F70,160,111,112,0
鼠茶,ねずちゃ,#9B7877,155,120,119,0
滅赤,けしあか,#896361,137,99,97,0
灰赤,はいあか,#8F6361,143,99,97,0
都鼠,みやこねず,#8E655F,142,101,95,0
桃山茶,ももやまちゃ,#875B4E,135,91,78,0
一重梅,ひとえうめ,#DE8397,222,131,151,0
長春色,ちょうしゅんいろ,#C97586,201,117,134,0
中紅花,なかのくれない,#E891A3,232,145,163,0
梅鼠,うめねず,#C099A0,192,153,160,0
萩色,はぎいろ,#CF747B,207,116,123,0
朱華・唐棣花・棠棣,はねず,#DF9D9F,223,157,159,0
退紅,あらそめ,#D69090,214,144,144,0
鴇浅葱,ときあさぎ,#B88884,184,136,132,0
緋褪色,ひさめいろ,#E09285,224,146,133,0
鮭色,さけいろ,#EF9683,239,150,131,0
鴇唐茶,ときがらちゃ,#E09E87,224,158,135,0
信楽茶,しがらきちゃ,#C18772,193,135,114,0
赤白橡,あかしろつるばみ,#D7A98C,215,169,140,0
桃花染・桃花褐,つきそめ,#E0A37E,224,163,126,0
白茶,しらちゃ,#DDBB99,221,187,153,0
淡香,うすこう,#F3BF88,243,191,136,0
枯色,かれいろ,#E0C38C,224,195,140,0
白橡,しろつるばみ,#CBB994,203,185,148,0
胡桃染,くるみぞめ,#A58F86,165,143,134,0
銀煤竹,ぎんすすたけ,#856859,133,104,89,0
煎茶色,せんちゃいろ・せんじちゃいろ,#8C6450,140,100,80,0
梅染,うめぞめ,#B48A76,180,138,118,0
江戸鼠,えどねず,#928178,146,129,120,0
生壁鼠,なまかべねず,#836A5C,131,106,92,0
伽羅煤竹,きゃらすすだけ,#8D6448,141,100,72,0
枯茶,からちゃ,#8D6449,141,100,73,0
柴染・柴色,ふしぞめ・ふしいろ,#B28C6E,178,140,110,0
松染,まつそめ,#A68868,166,136,104,0
小鹿色,こじかいろ,#7E6A4C,126,106,76,0
空五倍子色,うつぶしいろ,#9D896C,157,137,108,0
路考茶,ろこうちゃ,#8C7042,140,112,66,0
生壁色,なまかべいろ,#94846A,148,132,106,0
肥後煤竹,ひごすすだけ,#897858,137,120,88,0
丁子煤竹,ちょうじすすだけ,#807050,128,112,80,0
苦色,にがいろ,#93866C,147,134,108,0
灰汁色,あくいろ,#9E9478,158,148,120,0
茶褐色,ちゃかっしょく,#664032,102,64,50,0
焦茶,こげちゃ,#6F4B3E,111,75,62,0
黒梅,くろうめ,#643219,100,50,25,0
黒茶,くろちゃ,#583822,88,56,34,0
木枯茶・凩茶,こがらしちゃ,#735642,115,86,66,0
黄枯茶,きがらちゃ,#765C47,118,92,71,0
昔唐茶,むかしからちゃ,#61462E,97,70,46,0
猟虎茶,らっこちゃ,#685643,104,86,67,0
空五倍子色,うつふしいろ,#736250,115,98,80,0
樺茶色,かばちゃいろ,#726250,114,98,80,0
観世茶,かんぜちゃ,#685641,104,86,65,0
媚茶,こびちゃ,#716246,113,98,70,0
新斎茶,しんさいちゃ,#5C4F2C,92,79,44,0
赤銅色,しゃくどういろ,#752100,117,33,0,0
柿茶,かきちゃ,#954E2A,149,78,42,0
唐茶・枯茶,からちゃ,#783C1D,120,60,29,0
鉄錆色,てつさびいろ,#8E3809,142,56,9,0
黄渇色,おうかっしょく,#98502A,152,80,42,0
栗色,くりいろ,#762F07,118,47,7,0
杉染,すぎぞめ,#5F2C0D,95,44,13,0
落葉色,おちばいろ,#7D4B28,125,75,40,0
褐色,かっしょく,#8A3B00,138,59,0,0
煙草色,たばこいろ,#7E5737,126,87,55,0
沈香色,じんこういろ,#815731,129,87,49,0
枯葉色,かれはいろ,#956F29,149,111,41,0
金煤竹,きんすすたけ,#7C5B0C,124,91,12,0
渋茶,しぶちゃ,#715C23,113,92,35,0
小紫・濃紫,こむらさき,#4D1A06,77,26,6,0
炎色,ほのおいろ,#C44303,196,67,3,0
楊梅色・山桃色,やまももいろ,#B38000,179,128,0,0
赭,そお / そほ,#AB6953,171,105,83,0
檜皮色,ひわだいろ,#965036,150,80,54,0
団十郎茶,だんじゅうろうちゃ,#9F563A,159,86,58,0
紅柑子,べにこうじ,#AB4A24,171,74,36,0
柿色,かきいろ,#975E45,151,94,69,0
土器色,かわらけいろ,#C37854,195,120,84,0
砺茶・砥茶・礪茶,とのちゃ,#9F6F55,159,111,85,0
丁子茶,ちょうじちゃ,#B4866B,180,134,107,0
薄茶,うすちゃ,#B78161,183,129,97,0
渋紙色,しぶがみいろ,#946243,148,98,67,0
胡桃色,くるみいろ,#A86F4C,168,111,76,0
櫨色・黄櫨色,はじいろ,#B77B57,183,123,87,0
駱駝色,らくだいろ,#BF794E,191,121,78,0
灰茶,はいちゃ,#98623C,152,98,60,0
焦香,こがれこう,#AE7C58,174,124,88,0
江戸茶,えどちゃ,#CD8C5C,205,140,92,0
土色,つちいろ,#BC763C,188,118,60,0
紅鬱金,べにうこん,#CB8347,203,131,71,0
豆殻茶,まめがらちゃ,#A78465,167,132,101,0
枇杷茶,びわちゃ,#AE7C4F,174,124,79,0
丁字染,ちょうじぞめ,#AD7D4C,173,125,76,0
芝翫茶,しかんちゃ,#AD7E4E,173,126,78,0
梅茶,うめちゃ,#9B7853,155,120,83,0
狐色,きつねいろ,#C38743,195,135,67,0
桑色白茶,くわいろしらちゃ,#B39469,179,148,105,0
朽葉色,くちばいろ,#917347,145,115,71,0
黄橡,きつるばみ,#B68D4C,182,141,76,0
黄唐茶,きがらちゃ,#B98C46,185,140,70,0
黄土色,おうどいろ,#C39143,195,145,67,0
薩摩鼠,さつまねず,#9E875E,158,135,94,0
榛色,はしばみいろ,#BFA46F,191,164,111,0
比佐宜染・久木染,ひさぎぞめ,#CFA85C,207,168,92,0
ないき煤竹,ないきすすだけ,#A28D5A,162,141,90,0
桑染,くわそめ,#B79B5B,183,155,91,0
丹色,にいろ,#E45E32,228,94,50,0
柿色,かきいろ,#ED6D3D,237,109,61,0
猩々茶,しょうじょうちゃ,#C04D21,192,77,33,0
紅朽葉,べにくちば,#C9582C,201,88,44,0
赭,しゃ,#D25E2C,210,94,44,0
赭黄・柘黄,しゃおう,#D1561B,209,86,27,0
樺桜,かばざくら,#F56A29,245,106,41,0
蜜柑茶,みかんちゃ,#CF6A38,207,106,56,0
黄櫨,こうろ,#D66A35,214,106,53,0
代赭,たいしゃ,#BB5520,187,85,32,0
赤朽葉,あかくちば,#DB8449,219,132,73,0
黄茶,きちゃ,#E17B34,225,123,52,0
茜柿,されがき,#CF752C,207,117,44,0
琥珀色,こはくいろ,#BF783A,191,120,58,0
鼈甲色,べっこういろ,#DE9A41,222,154,65,0
蘭茶,らんちゃ,#D9912D,217,145,45,0
不言色,いわぬいろ,#FFB02A,255,176,42,0
黄朽葉,きくちば,#D3A243,211,162,67,0
山吹茶,やまぶきちゃ,#C89932,200,153,50,0
櫨染,はじぞめ,#D9A62E,217,166,46,0
赤橙,あかだいだい,#EA5506,234,85,6,0
朱色,しゅいろ,#EB6101,235,97,1,0
人参色,にんじんいろ,#EC6800,236,104,0,0
橙色,だいだいいろ,#EE7800,238,120,0,0
忘れ草,わすれぐさ,#F08300,240,131,0,0
卵黄色,らんおういろ,#F69E22,246,158,34,0
金茶,きんちゃ,#F39800,243,152,0,0
山吹色,やまぶきいろ,#F8B500,248,181,0,0
黄丹,おうに,#EE7948,238,121,72,0
淡朽葉,うすくちば,#FF9740,255,151,64,0
大和柿,やまとがき,#FE9C41,254,156,65,0
柑子色,こうじいろ,#F6AD49,246,173,73,0
深黄,こきき,#FFB333,255,179,51,0
支子色,くちなしいろ,#FBCA4D,251,202,77,0
遠州茶,えんしゅうちゃ,#CA8269,202,130,105,0
肉桂色,にっけいろ,#DD7A56,221,122,86,0
?,そひ,#E0815E,224,129,94,0
深支子,こきくちなし,#EB9B6F,235,155,111,0
小麦色,こむぎいろ,#E49E61,228,158,97,0
伽羅色,きゃらいろ,#D8A373,216,163,115,0
杏色,あんずいろ,#F7B977,247,185,119,0
萱草色,かんぞういろ,#F8B862,248,184,98,0
鶏冠石,けいかんせき,#FFC06A,255,192,106,0
飴色,あめいろ,#DEB068,222,176,104,0
玉蜀黍色,とうもろこしいろ,#EEC362,238,195,98,0
金密陀,きんみつだ,#FBD26B,251,210,107,0
卵色,たまごいろ,#FCD575,252,213,117,0
密陀僧,みつだそう,#F1CB66,241,203,102,0
宍色,ししいろ,#EFAB93,239,171,147,0
一斤染,いっこんぞめ,#F5B199,245,177,153,0
近衛柿,このえがき,#FFAC8C,255,172,140,0
赤香,あかこう,#F6B894,246,184,148,0
人色,ひといろ,#F1BF99,241,191,153,0
洒落柿,しゃれがき,#F7BD8F,247,189,143,0
雄黄,ゆうおう,#F9C89B,249,200,155,0
薄香,うすこう,#F0CFA0,240,207,160,0
香色,こういろ,#EFCD9A,239,205,154,0
蜂蜜色,はちみついろ,#FDDEA5,253,222,165,0
洗柿,あらいがき,#F2C9AC,242,201,172,0
洒落柿,しゃれがき,#ECD4C2,236,212,194,0
肌色,はだいろ,#FCE2C4,252,226,196,0
薄卵色,うすたまごいろ,#FDE8D0,253,232,208,0
亜麻色,あまいろ,#D6C6AF,214,198,175,0
浅黄,うすき,#EDD3A1,237,211,161,0
掻練・皆練,かいねり,#FFEECE,255,238,206,0
砥粉色,とのこいろ,#F4DDA5,244,221,165,0
鳥の子色,とりのこいろ,#FFF1CF,255,241,207,0
砂色,すないろ,#DCD3B2,220,211,178,0
蒸栗色,むしぐりいろ,#EBE1A9,235,225,169,0
女郎花,おみなえし,#F2F2B0,242,242,176,0
嫩黄色,どんこうしょく,#E8EAA8,232,234,168,0
若芽色,わかめいろ,#E0EBAF,224,235,175,0
淡黄,たんこう,#F8E58C,248,229,140,0
麦藁色,むぎわらいろ,#E5DB97,229,219,151,0
若菜色,わかないろ,#D8E698,216,230,152,0
黄水仙,きずいせん,#F2D675,242,214,117,0
刈安色,かりやすいろ,#F5E56B,245,229,107,0
硫黄色,いおういろ,#F1E266,241,226,102,0
黄檗色,きはだいろ,#FEF263,254,242,99,0
承和色,そがいろ,#F3F47F,243,244,127,0
若苗色,わかなえいろ,#C7DC68,199,220,104,0
黄支子,きくちなし,#FFDB4F,255,219,79,0
菜の花色,なのはないろ,#FFEC47,255,236,71,0
向日葵色,ひまわりいろ,#FCC800,252,200,0,0
蒲公英色,たんぽぽいろ,#FFD900,255,217,0,0
中黄,ちゅうき,#FFEA00,255,234,0,0
鬱金色,うこんいろ,#FABF14,250,191,20,0
藤黄,とうおう,#F7C114,247,193,20,0
黄金,こがね,#E6B422,230,180,34,0
金糸雀色,かなりあいろ,#EBD842,235,216,66,0
緑黄色,りょくおうしょく,#DCCB18,220,203,24,0
鶸色,ひわいろ,#D7CF3A,215,207,58,0
レモン色,れもんいろ,#F3F133,243,241,51,0
黄緑,きみどり,#B8D200,184,210,0,0
若草色,わかくさいろ,#C3D825,195,216,37,0
茅色・萱色,かやいろ,#A0873C,160,135,60,0
利休茶,りきゅうちゃ,#A59564,165,149,100,0
芥子色・辛子色,からしいろ,#D0AF4C,208,175,76,0
油色,あぶらいろ,#A19361,161,147,97,0
菜種油色,なたねゆいろ,#A69425,166,148,37,0
玉子鼠・卵鼠,たまごねず,#BCAD48,188,173,72,0
根岸色,ねぎしいろ,#938B4B,147,139,75,0
青朽葉,あおくちば,#ADA250,173,162,80,0
藁色,わらいろ,#D5C752,213,199,82,0
藍玉子,あいたまご,#B1A733,177,167,51,0
抹茶色,まっちゃいろ,#C5C56A,197,197,106,0
柳葉色,やなぎは-ば-いろ,#A7B446,167,180,70,0
青丹・青土,あおに,#99AB4E,153,171,78,0
草色,くさいろ,#7B8D42,123,141,66,0
山吹鼠,やまぶきねず,#B19A00,177,154,0,0
女郎花,おみなえし,#C2BF00,194,191,0,0
鶯茶,うぐいすちゃ,#715C1F,113,92,31,0
璃寛茶,りかんちゃ,#6A5D21,106,93,33,0
梅幸茶,ばいこうちゃ,#887938,136,121,56,0
鶯色,うぐいすいろ,#928C36,146,140,54,0
国防色,こくぼうしょく,#7B6C3E,123,108,62,0
丁子鼠,ちょうじねず,#746D4E,116,109,78,0
橄欖色,かんらんしょく,#72672E,114,103,46,0
煤竹茶,すすたけちゃ,#665D22,102,93,34,0
海松色,みるいろ,#726D40,114,109,64,0
利休色・利久色,りきゅういろ,#8F8667,143,134,103,0
海松藍,みるあい,#918754,145,135,84,0
鶸茶,ひわちゃ,#8C8861,140,136,97,0
?色,ろういろ,#9B9969,155,153,105,0
柳茶,やなぎちゃ,#A1A46D,161,164,109,0
老緑,おいみどり,#787A59,120,122,89,0
木蘭色,もくらんじき,#C7B370,199,179,112,0
枯草色,かれくさいろ,#E4DC8A,228,220,138,0
苗色,なえいろ,#B0CA71,176,202,113,0
若葉色,わかばいろ,#B9D08B,185,208,139,0
柳色,やなぎいろ,#A8C97F,168,201,127,0
山葵色,わさびいろ,#A8BF93,168,191,147,0
淡萌黄・薄萌葱・薄萌葱,うすもえぎ,#93CA76,147,202,118,0
柳染,やなぎぞめ,#93B881,147,184,129,0
裏葉色,うらはいろ・うらばいろ,#94B090,148,176,144,0
若緑,わかみどり,#98D98E,152,217,142,0
花萌葱,はなもえぎ,#88CB7F,136,203,127,0
麹塵,きくじん,#6E7955,110,121,85,0
陰萌葱・陰萌黄,かげもえぎ,#748450,116,132,80,0
加茂川鼠,かもがわねず,#919F74,145,159,116,0
松葉色,まつばいろ,#839B5C,131,155,92,0
草柳,くさやなぎ,#6E8252,110,130,82,0
老竹,おいたけ,#769164,118,145,100,0
灰緑,はいみどり,#81A96E,129,169,110,0
青柳鼠,あおやぎねず,#6F8566,111,133,102,0
青苔,あおごけ,#596A40,89,106,64,0
古茶,ふるちゃ,#43552A,67,85,42,0
笹色,ささいろ,#396122,57,97,34,0
苔色,こけいろ,#69821B,105,130,27,0
緑茶色,りょくちゃいろ,#26610F,38,97,15,0
洋緑色,ようりょくしょく,#48922F,72,146,47,0
濡葉色,ぬればいろ,#2E7E16,46,126,22,0
早苗色,さなえいろ,#67A70C,103,167,12,0
萌黄,もえぎ,#AACF53,170,207,83,0
鶸萌黄,ひわもえぎ,#82AE46,130,174,70,0
藍砥茶,あいとのちゃ,#5F984D,95,152,77,0
新緑色,しんりょくしょく,#339933,51,153,51,0
薄緑・淡緑,うすみどり,#69B076,105,176,118,0
夏虫色,なつむしいろ,#CEE4AE,206,228,174,0
裏葉柳,うらはやなぎ,#C1D8AC,193,216,172,0
薄萌葱,うすもえぎ,#BADCAD,186,220,173,0
岩緑青,いわろくしょう,#50A06E,80,160,110,0
緑・碧・翠,みどり,#3EB370,62,179,112,0
若竹色,わかたけいろ,#68BE8D,104,190,141,0
翡翠色,ひすいいろ,#38B48B,56,180,139,0
花緑青,はなろくしょう,#00A381,0,163,129,0
青緑,あおみどり,#00A497,0,164,151,0
深緑,ふかみどり,#00552E,0,85,46,0
柚葉色,ゆずはいろ,#083A28,8,58,40,0
碧緑,へきりょく,#02533B,2,83,59,0
翠色,すいしょく,#013224,1,50,36,0
鉄色,てついろ,#005243,0,82,67,0
唐金色,からかねいろ,#32875C,50,135,92,0
常盤色・常磐色,ときわいろ,#007B43,0,123,67,0
常磐緑,ときわみどり,#028760,2,135,96,0
萌葱色,もえぎいろ,#006E54,0,110,84,0
鴨の羽色,かものはいろ,#006956,0,105,86,0
孔雀緑,くじゃくみどり,#00786C,0,120,108,0
千歳緑,せんざいみどり・ちとせみどり,#316745,49,103,69,0
木賊色,とくさいろ,#3B7960,59,121,96,0
天鵞絨,びろうど,#2F5D50,47,93,80,0
山藍摺,やまあいずり,#38635D,56,99,93,0
海緑色,かいりょくしょく,#206865,32,104,101,0
緑青色,ろくしょういろ,#47885E,71,136,94,0
水浅葱,みずあさぎ,#80ABA9,128,171,169,0
錆浅葱,さびあさぎ,#5C9291,92,146,145,0
薄青,うすあお,#93B69C,147,182,156,0
青銅色,せいどういろ,#7BC496,123,196,150,0
青磁色,せいじいろ,#7EBEA5,126,190,165,0
千草色・千種色,ちぐさいろ,#92B5A9,146,181,169,0
青竹色,あおたけいろ,#7EBEAB,126,190,171,0
淡水色・薄水色,うすみずいろ,#9ED1D3,158,209,211,0
白群,びゃくぐん,#83CCD2,131,204,210,0
水縹,みずはなだ,#72C1C8,114,193,200,0
浅縹,あさはなだ,#84B9CB,132,185,203,0
勿忘草,わすれなぐさ,#89C3EB,137,195,235,0
水色鼠,みずいろねず,#98AEC1,152,174,193,0
青碧,せいへき,#478384,71,131,132,0
京鼠,きょうねず,#789295,120,146,149,0
湊鼠,みなとねずみ,#80989B,128,152,155,0
錆御納戸,さびおなんど,#53727D,83,114,125,0
藍鼠,あいねず,#6C848D,108,132,141,0
舛花色,ますはないろ,#5B7E91,91,126,145,0
灰青,はいあお,#83959F,131,149,159,0
御召茶,おめしちゃ,#43676B,67,103,107,0
高麗納戸,こうらいなんど,#2C4F54,44,79,84,0
碧色,へきしょく,#184458,24,68,88,0
熨斗目花色,のしめはないろ,#426579,66,101,121,0
御召御納戸,おめしおなんど,#4C6473,76,100,115,0
紺滅,こんけし,#44617B,68,97,123,0
熨斗目色,のしめいろ,#175B66,23,91,102,0
孔雀青,くじゃくあお,#00708E,0,112,142,0
藍色,あいいろ,#165E83,22,94,131,0
紺鉄,こんてつ,#034358,3,67,88,0
浅葱色,あさぎいろ,#00A3AF,0,163,175,0
納戸色・御納戸,なんどいろ・おなんど,#008899,0,136,153,0
薄群青,うすぐんじょう,#0094C8,0,148,200,0
紺碧,こんぺき,#007BBB,0,123,187,0
金春色,こんばるいろ,#28A3AF,40,163,175,0
新橋色,しんばしいろ,#59B9C6,89,185,198,0
花浅葱,はなあさぎ,#2A83A2,42,131,162,0
薄縹,うすばなだ,#507EA4,80,126,164,0
青・蒼・碧・藍,あお,#0095D9,0,149,217,0
縹色,はなだいろ,#2792C3,39,146,195,0
天色,あまいろ,#2CA9E1,44,169,225,0
露草色,つゆくさいろ,#38A1DB,56,161,219,0
薄浅葱,うすあさぎ,#69C2C7,105,194,199,0
空色,そらいろ,#A0D8EF,160,216,239,0
瓶覗,かめのぞき,#A2D7DD,162,215,221,0
水色,みずいろ,#BCE2E8,188,226,232,0
秘色,ひそく・ひしょく,#ABCED8,171,206,216,0
淡藤色,あわふじいろ,#BBC8E6,187,200,230,0
碧瑠璃,へきるり,#1853B5,24,83,181,0
み空色,みそらいろ,#3967C4,57,103,196,0
移色,うつしいろ,#3D6EDA,61,110,218,0
想思鼠,そうしねず,#6D93B9,109,147,185,0
薄群青,うすぐんじょう,#5383C3,83,131,195,0
杜若色,かきつばたいろ,#3E62AD,62,98,173,0
群青色,ぐんじょういろ,#4C6CB3,76,108,179,0
薄花桜,うすはなざくら,#5A79BA,90,121,186,0
岩群青,いわぐんじょう,#2A42A6,42,66,166,0
紺桔梗,こんききょう,#4D5AAF,77,90,175,0
桔梗色,ききょういろ,#5654A2,86,84,162,0
紅桔梗,べにききょう,#4D4398,77,67,152,0
呉須色,ごすいろ,#124DAE,18,77,174,0
瑠璃色,るりいろ,#1E50A2,30,80,162,0
濃藍,こいあい,#0F2350,15,35,80,0
伯林青,べれんす,#081941,8,25,65,0
鉄紺,てつこん,#17184B,23,24,75,0
紺瑠璃,こんるり,#164A84,22,74,132,0
青黛・青袋・青代,せいたい,#013574,1,53,116,0
青藍,せいらん,#274A78,39,74,120,0
瑠璃紺,るりこん,#19448E,25,68,142,0
紺色,こんいろ,#223A70,34,58,112,0
深縹,こきはなだ,#2A4073,42,64,115,0
紺瑠璃,こんるり,#213380,33,51,128,0
花紫,はなむらさき,#392680,57,38,128,0
紺天鵞絨,こんびろうど,#223D5F,34,61,95,0
藍天鵞絨,あいびろうど,#1E3859,30,56,89,0
紺青,こんじょう,#192F60,25,47,96,0
留紺,とめこん・とまりこん,#1C305C,28,48,92,0
濃紺,のうこん,#1F2F54,31,47,84,0
薄花色,うすはないろ,#698AAB,105,138,171,0
紅掛花色,べにかけはないろ,#68699B,104,105,155,0
紺藍,こんあい,#4A488E,74,72,142,0
藤御納戸,ふじなんど,#706CAA,112,108,170,0
楝色・棟色・樗色,おうちいろ,#7A71A2,122,113,162,0
紫苑色,しおんいろ,#867BA9,134,123,169,0
青藤,あおふじ,#84A2D4,132,162,212,0
紅掛空色,べにかけそらいろ,#8491C3,132,145,195,0
紫陽花青,あじさいあお,#9093E0,144,147,224,0
藤紫,ふじむらさき,#A59ACA,165,154,202,0
半色・端色,はしたいろ,#A69ABD,166,154,189,0
薄葡萄,うすぶどう,#C0A2C7,192,162,199,0
竜胆色,りんどういろ,#9079AD,144,121,173,0
槿色,むくげいろ,#775580,119,85,128,0
古代紫,こだいむらさき,#895B8A,137,91,138,0
中紫,なかのむらさき,#573E6D,87,62,109,0
葡萄色,ぶどういろ,#522F60,82,47,96,0
縁色,ゆかりのいろ,#5D2369,93,35,105,0
桑の実色,くわのみいろ,#55295B,85,41,91,0
本紫,ほんむらさき,#65318E,101,49,142,0
菫色,すみれいろ,#7058A3,112,88,163,0
青紫,あおむらさき,#674598,103,69,152,0
菖蒲色,あやめいろ / しょうぶいろ,#674196,103,65,150,0
江戸紫,えどむらさき,#745399,116,83,153,0
紅桔梗,べにききょう,#744F97,116,79,151,0
南京藤,なんきんふじ,#A15DC4,161,93,196,0
紫,むらさき,#884898,136,72,152,0
葵色,あおいいろ,#9A5FA9,154,95,169,0
石竹色,せきちくいろ,#E5ABBE,229,171,190,0
撫子色,なでしこいろ,#EEBBCB,238,187,203,0
薄紅梅,うすこうばい,#E597B2,229,151,178,0
牡丹色,ぼたんいろ,#E7609E,231,96,158,0
躑躅色,つつじいろ,#E95295,233,82,149,0
秋桜,こすもす,#F85CA2,248,92,162,0
赤紫,あかむらさき,#EB6EA5,235,110,165,0
梅重,うめかさね,#F73B70,247,59,112,0
紅,くれない,#D7003A,215,0,58,0
京紫,きょうむらさき,#9D5B8B,157,91,139,0
若紫,わかむらさき,#BC64A4,188,100,164,0
梅紫,うめむらさき,#AA4C8F,170,76,143,0
紅紫,こうし・べにむらさき,#B44C97,180,76,151,0
中紅,なかべに,#C85179,200,81,121,0
紫紺,しこん,#460E44,70,14,68,0
貝紫,かいむらさき,#550B41,85,11,65,0
帝王紫,ていおうむらさき,#61065E,97,6,94,0
葡萄酒色,ぶどうしゅいろ,#6B1349,107,19,73,0
葡萄色,えびいろ,#640125,100,1,37,0
今紫,いまむらさき,#5B2856,91,40,86,0
葡萄染,えびぞめ,#7A4171,122,65,113,0
暗紅色・殷紅色,あんこうしょく,#74325C,116,50,92,0
茄子紺,なすこん,#824880,130,72,128,0
二藍,ふたあい,#915C8B,145,92,139,0
京藤,きょうふじ,#A46A92,164,106,146,0
浪花鼠,なにわねず,#8C6278,140,98,120,0
牡丹鼠,ぼたんねず,#785863,120,88,99,0
紅藤色,べにふじいろ,#CCA6BF,204,166,191,0
菖蒲色,あやめいろ,#CC7EB1,204,126,177,0
桃花色,ももはないろ,#E198B4,225,152,180,0
白,しろ,#FFFFFF,255,255,255,0
胡粉,ごふん,#FFFFFC,255,255,252,0
桜色,さくらいろ,#FEF4F4,254,244,244,0
白磁,はくじ,#F8FBF8,248,251,248,0
卯の花色,うのはないろ,#F7FCFE,247,252,254,0
生成,きなり,#FBFAF5,251,250,245,0
真珠色,しんじゅいろ,#FFFFF1,255,255,241,0
亜鉛華,あえんか,#F6FBF6,246,251,246,0
薄桜,うすざくら,#FDEFF2,253,239,242,0
乳白色,にゅうはくしょく,#F3F3F3,243,243,243,0
白練,しろねり,#F3F3F2,243,243,242,0
月白,げっぱく,#EAF4FC,234,244,252,0
象牙色,ぞうげいろ,#F8F4E6,248,244,230,0
藍白,あいじろ,#EBF6F7,235,246,247,0
白菫色,しろすみれいろ,#EAEDF7,234,237,247,0
雪色,せっしょく,#E9EEF3,233,238,243,0
白花色,しらはないろ,#E8ECEF,232,236,239,0
浅支子・浅梔子,うす・あさくちなし,#EBF3DC,235,243,220,0
白百合色,しらゆりいろ,#DEF3DE,222,243,222,0
紫水晶,むらさきすいしょう,#E7E7EB,231,231,235,0
白梅,しらうめいろ,#EFE0E8,239,224,232,0
素色,そしょく,#EAE5E3,234,229,227,0
白土,しらつち,#E6EAE3,230,234,227,0
白梅鼠,しらうめねず,#E5E4E6,229,228,230,0
素色,しろいろ・もといろ・そしょく,#EDE9D8,237,233,216,0
桜鼠,さくらねず,#E9DFE5,233,223,229,0
乙女色,おとめいろ,#F3CCCC,243,204,204,0
翁茶,おきなちゃ,#E7DCD3,231,220,211,0
練色,ねりいろ,#EDE4CD,237,228,205,0
灰白色,かいはくしょく,#E9E4D4,233,228,212,0
雲井鼠・雲居鼠,くもいねず,#DADFE0,218,223,224,0
灰桜,はいざくら,#E8D3D1,232,211,209,0
白鼠,しろねず,#DCDDDD,220,221,221,0
白藤色,しらふじいろ,#DBD0E6,219,208,230,0
鴇鼠,ときねず,#E4D2D8,228,210,216,0
絹鼠,きぬねず,#DDDCD6,221,220,214,0
白緑,びゃくろく,#D6E9CA,214,233,202,0
蕎麦切色,そばきりいろ,#D4DCD6,212,220,214,0
薄雲鼠,うすくもねず,#D4DCDA,212,220,218,0
淡紅藤,あわべにふじ,#E6CDE3,230,205,227,0
薄梅鼠,うめねず,#DCD6D9,220,214,217,0
灰梅,はいうめ,#E8D3C7,232,211,199,0
白藍,しらあい,#C1E4E9,193,228,233,0
暁鼠,あかつきねず,#D3CFD9,211,207,217,0
牡丹鼠,ぼたんねず,#D3CCD6,211,204,214,0
枯野色,かれのいろ,#D3CBC6,211,203,198,0
小町鼠,こまちねず,#CBCDCD,203,205,205,0
藤色,ふじいろ,#BBBCDE,187,188,222,0
千草鼠,ちぐさねず,#BED3CA,190,211,202,0
柳鼠,やなぎねず,#C8D5BB,200,213,187,0
葡萄色,ぶどういろ,#BED2C3,190,210,195,0
銀灰色,ぎんかいしょく,#C5C5C7,197,197,199,0
灰青,はいあお,#C0C6C9,192,198,201,0
霞色,かすみいろ,#C8C2C6,200,194,198,0
潤色,うるみいろ,#C8C2BE,200,194,190,0
錫色,すずいろ,#B5C0C9,181,192,201,0
錆青磁,さびせいじ,#A6C8B2,166,200,178,0
藤鼠,ふじねず,#A6A5C4,166,165,196,0
浅紫,うすむらさき・あさむらさき,#C4A3BF,196,163,191,0
銀鼠,ぎんねず,#AFAFB0,175,175,176,0
薄鈍,うすにび,#ADADAD,173,173,173,0
利休白茶,りきゅうしらちゃ,#B3ADA0,179,173,160,0
薄墨色・淡墨色,うすずみいろ,#A3A3A2,163,163,162,0
薄色,うすいろ,#A89DAC,168,157,172,0
銀色,ぎんいろ,#A0A0A0,160,160,160,0
素鼠,すねず,#9FA0A0,159,160,160,0
浅葱鼠,あさぎねず,#97ABAC,151,171,172,0
錫紵,しゃくじょ,#9EA1A3,158,161,163,0
茶鼠,ちゃねず,#A99E93,169,158,147,0
青白橡,あおしろつるばみ,#9BA88D,155,168,141,0
深川鼠,ふかがわねずみ,#97A791,151,167,145,0
青袋鼠,せいたいねず,#929FA7,146,159,167,0
空色鼠,そらいろねず,#8E9AAB,142,154,171,0
薄鼠,うすねず,#9790A4,151,144,164,0
御所生壁,ごしょなまかべ,#9792A0,151,146,160,0
今鶴羽,いまつるは,#9D92A0,157,146,160,0
桔梗鼠,ききょうねず,#95949A,149,148,154,0
鳩羽鼠,はとばねず,#9E8B8E,158,139,142,0
鼠,ねずみ,#949495,148,148,149,0
豆がら茶,まめがらちゃ,#8B968D,139,150,141,0
灰紫,はいむらさき,#90879A,144,135,154,0
鳩羽色,はとばいろ,#95859C,149,133,156,0
壁鼠,かべねず,#9D8682,157,134,130,0
雉鳩色,きじばといろ,#988F86,152,143,134,0
利休鼠,りきゅうねずみ,#888E7E,136,142,126,0
京極生壁,きょうごくなまかべ,#888084,136,128,132,0
煤色,すすいろ,#887F7A,136,127,122,0
灰色,はいいろ,#7D7D7D,125,125,125,0
鉛色,なまりいろ・あおがね,#7B7C7D,123,124,125,0
灰汁鼠,あくねず,#836D6D,131,109,109,0
鈍色,にびいろ,#727171,114,113,113,0
山鳩色,やまばといろ,#767C6B,118,124,107,0
青鈍,あおにび,#6B7B6E,107,123,110,0
御召鼠,おめしねず,#776F76,119,111,118,0
茶気鼠,ちゃけねず,#746B6B,116,107,107,0
?鼠色,むささびいろ,#7C6C66,124,108,102,0
浮草鼠,うきくさねず,#716F68,113,111,104,0
御召茶,おめしちや,#787661,120,118,97,0
紫鼠,むらさきねず,#71686C,113,104,108,0
貴族鼠,きぞくねず,#5D5D74,93,93,116,0
葡萄鼠,ぶどうねずみ,#705B67,112,91,103,0
滅色,けしいろ,#725B63,114,91,99,0
岩井茶,いわいちゃ,#6B6F59,107,111,89,0
比金襖,ひこんのう,#5F7058,95,112,88,0
沈香茶・殿茶,とのちゃ,#526F55,82,111,85,0
中鼠,なかねず,#57696D,87,105,109,0
軍勝鼠,ぐんかつねず,#57645A,87,100,90,0
柳煤竹,やなぎすすだけ,#5B6356,91,99,86,0
墨染,すみぞめ,#595857,89,88,87,0
勝軍色,かつぐんいろ,#5B634E,91,99,78,0
丼鼠,どぶねずみ,#595455,89,84,85,0
猟虎色,らっこいろ,#635C48,99,92,72,0
褐色,かちいろ,#4D4C61,77,76,97,0
藤煤竹,ふじすすだけ,#5A5359,90,83,89,0
濃色,こきいろ,#634950,99,73,80,0
柳煤竹茶,やなぎすすだけちゃ,#635B44,99,91,68,0
鉄御納戸,てつおなんど,#455765,69,87,101,0
江戸納戸,えどなんど,#61485B,97,72,91,0
海松茶,みるちゃ,#5A544B,90,84,75,0
藍海松茶,あいみるちゃ,#56564B,86,86,75,0
錆鉄御納戸,さびてつおなんど,#485859,72,88,89,0
錆鼠,さびねず,#47585C,71,88,92,0
濃鼠,こいねず,#4F455C,79,69,92,0
消炭色,けしずみいろ,#524E4D,82,78,77,0
藍媚茶,あいこびちゃ,#555647,85,86,71,0
革色,かわいろ,#475950,71,89,80,0
紫鳶・紫飛,むらさきとび,#5F414B,95,65,75,0
紅消鼠,べにけしねず,#524748,82,71,72,0
黒橡,くろつるばみ,#544A47,84,74,71,0
鉄鼠,てつねず,#3E5C54,62,92,84,0
滅紫,けしむらさき,#594255,89,66,85,0
軍勝色,ぐんかついろ,#415546,65,85,70,0
虫襖・虫青,むしあお,#3A5B52,58,91,82,0
藍墨茶・相済茶,あいすみちゃ,#474A4D,71,74,77,0
藍生壁,あいなまかべ,#454550,69,69,80,0
涅色,くりいろ,#554738,85,71,56,0
仙斎茶,せんさいちゃ,#474B42,71,75,66,0
藍摺,あいずり,#3C5245,60,82,69,0
深紫,こきむらさき・ふかむらさき,#493759,73,55,89,0
千歳茶,せんさいちゃ,#494A41,73,74,65,0
湊煤竹,みなとすすだけ,#3F4D41,63,77,65,0
青褐・藍褐,あおかち・あいかち,#393E4F,57,62,79,0
黝色,ゆうしょく,#404048,64,64,72,0
似紫,にせむらさき,#513743,81,55,67,0
憲法色,けんぽういろ,#543F32,84,63,50,0
薩摩御納戸,さつまおなんど,#3E4346,62,67,70,0
藍鉄,あいてつ,#393F4C,57,63,76,0
濃鼠,こいねず・こねず,#3F3F3F,63,63,63,0
檳椰子染,びんろうじぞめ,#433D3C,67,61,60,0
蜥蜴色,とかげいろ,#384D31,56,77,49,0
納戸鼠,なんどねず,#354D4B,53,77,75,0
青茶,あおちゃ,#4B4B31,75,75,49,0
橡鼠,つるばみねず,#49492B,73,73,43,0
藍銀煤竹,あいぎんすすだけ,#37413D,55,65,61,0
羊羹色,ようかんいろ,#383C3C,56,60,60,0
藍御納戸,あいおなんど,#2D3446,45,52,70,0
黒鳶,くろとび,#432F2F,67,47,47,0
鋼色,はがねいろ,#2A443D,42,68,61,0
藍色鳩羽,あいいろはとば,#492741,73,39,65,0
赤墨,あかすみ,#3F312B,63,49,43,0
利休生壁,りきゅうなまかべ,#333631,51,54,49,0
褐返,かちがえし,#203744,32,55,68,0
松葉鼠,まつばねず,#2E382A,46,56,42,0
黒鼠,くろねず,#2D2D2D,45,45,45,0
黒紅,くろべに,#302833,48,40,51,0
蝋色,ろういろ,#2B2B2B,43,43,43,0
青墨,あおずみ,#28282E,40,40,46,0
紫黒,しこく,#2E2930,46,41,48,0
百入茶・百塩茶,ももしおちゃ,#1F3134,31,49,52,0
羅紗染色,らしゃぞめいろ,#2D252D,45,37,45,0
紫烏色,しうしょく,#2A2223,42,34,35,0
醤色,ひしおいろ,#331818,51,24,24,0
脂色,やにいろ,#351916,53,25,22,0
御納戸茶,おなんどちゃ,#183335,24,51,53,0
茄子紺,なすこん,#331936,51,25,54,0
具墨,ぐすみ,#252424,37,36,36,0
消炭黒,けしずみくろ,#252020,37,32,32,0
茶微塵茶,ちゃみじんちゃ,#29221D,41,34,29,0
榛摺,はりずり,#2E2713,46,39,19,0
檳椰子黒,びんろうじくろ,#20231F,32,35,31,0
鉄黒,てつぐろ,#281A14,40,26,20,0
濃墨,こずみ,#1F1F19,31,31,25,0
吾亦香,われもこう,#251219,37,18,25,0
皀色・?色,くりいろ,#1A1A19,26,26,25,0
天鵞絨,びろうど,#0D270D,13,39,13,0
椋実色,むくのみいろ,#1E1222,30,18,34,0
暗褐色,あんかっしょく,#270809,39,8,9,0
憲法黒茶,けんぽうくろちゃ,#241A08,36,26,8,0
墨,すみ,#171917,23,25,23,0
極焦茶,ごくこげちゃ,#171310,23,19,16,0
黒檀,こくたん,#250D00,37,13,0,0
五倍子鉄漿色,ふしかねいろ,#16160E,22,22,14,0
烏羽色,からすばいろ,#180614,24,6,20,0
黒羽色,くろはいろ,#0D0D0D,13,13,13,0
黒柿色,くろがきいろ,#15050A,21,5,10,0
漆黒,しっこく,#0D0015,13,0,21,0
烏の濡羽色,からすのぬればいろ,#12020E,18,2,14,0
濡羽色,ぬればいろ,#000B00,0,11,0,0
